Type,Category,TP,FP,TN,FN,Ground_Truth_Yes,LLM_Classifier_Yes,Accuracy,F1_Score,Note
Main,Cat_E,26,4,117,3,29.0,30.0,0.9533333333333334,0.8813559322033898,
Main,Cat_S,49,6,81,14,63.0,55.0,0.8666666666666667,0.8305084745762712,
Main,Cat_G,29,20,98,3,32.0,49.0,0.8466666666666667,0.7160493827160493,
Main,Cat_N,57,9,77,7,64.0,66.0,0.8933333333333333,0.8769230769230769,
Sub,Resource_Use,17,0,127,6,23.0,17.0,0.96,0.85,
Sub,Emissions,10,1,134,5,15.0,11.0,0.96,0.7692307692307693,
Sub,Innovation,12,8,129,1,13.0,20.0,0.94,0.7272727272727273,
Sub,Workforce,16,5,116,13,29.0,21.0,0.88,0.64,
Sub,Human_Rights,8,2,138,2,10.0,10.0,0.9733333333333334,0.8,
Sub,Community,21,0,119,10,31.0,21.0,0.9333333333333333,0.8076923076923077,
Sub,Product_Responsibility,8,4,133,5,13.0,12.0,0.94,0.64,
Sub,Management,11,2,134,3,14.0,13.0,0.9666666666666667,0.8148148148148148,
Sub,Shareholders,4,1,139,6,10.0,5.0,0.9533333333333334,0.5333333333333333,
Sub,CSR_Strategy,16,22,111,1,17.0,38.0,0.8466666666666667,0.5818181818181818,
,SUBCATEGORY_GLOBAL_METRICS,123,45,1280,52,,,,,Hamming Loss: 0.0647 | Macro F1: 0.7164 | Accuracy: 0.9353
